Компания,Email,Сайт,Проверка e-mail,Проверка строки,Что реально на сайте,Что на домене e-mail,Вывод и что делать,Персонализация,Источник персонализации,Цитата-подтверждение,Статус персонализации
Mingwen Intelligent,sales01@mgwmachine.com,mgwmachine.com,MX ок,компания не из России (China),Mingwen Intelligent Technology (铭文智能科技有限公司),,"Китайский производитель (Гуандун). Строка внутренне согласована, но вне ЦА Polza (российский B2B). В рассылку не брать, если кампания не про экспорт станков в РФ.","Увидел на сайте, что вы занимаете 70% рынка ротационных машин для газового оборудования. Это значит, что у вас есть серьёзная позиция в нише и большая база клиентов.",https://www.mgwmachine.com/,特别是在燃气设备制造行业，铭文的 rotary transfer machine 在市场中占有70%的份额。,подтверждено (high)
HNC,sales@hnc.su,hnc.su,MX ок,ок,HNC Electric,HNC Electric,"Строка согласована: сайт hnc.su и почта на том же домене. По сути китайский производитель приводов и ЧПУ с русскоязычным сайтом, в РФ работает через дистрибьютора. Пригодна условно: писать стоит российскому представительству.","Увидел у вас в каталоге несколько линеек преобразователей - HV320, HV10, HV100. Такой диапазон обычно требует целевых кампаний для поиска новых партнеров в разных сегментах.",https://hnc.su/,Преобразователи частоты HV320 (53) HV10 (22) HV100 (67) HV480 (64) HV380S (5) HV610 (89),подтверждено (high)
Tengzhong Machinery,sales01@nttzmt.com,uncomtech.ru,"MX ок, но домен письма ≠ домену сайта — проверить","домен e-mail (nttzmt.com) не совпадает с сайтом (uncomtech.ru); на сайте другая компания: Ункомтех — поставщик кабельно-проводниковой продукции (РФ); e-mail принадлежит именно «Tengzhong Machinery» → сайт в строке, похоже, чужой",Ункомтех — поставщик кабельно-проводниковой продукции (РФ),南通腾中机械制造有限公司 — производство гидравлических машин (Китай),"ПЕРЕПУТАНО. Сайт uncomtech.ru принадлежит ТД «Ункомтех» (кабель, РФ), а почта sales01@nttzmt.com — китайской Tengzhong (гидравлика). Разложить на две строки: Tengzhong → nttzmt.com; ТД Ункомтех → uncomtech.ru + почта с этого сайта.","Увидел, что продукцию используют во всех основных отраслях: энергетика, нефтегаз, машиностроение, оборонный комплекс. Можем помочь структурировать аутрич по отраслям.",https://www.uncomtech.ru/company,"Продукция АО «Иркутсккабель» и АО «Кирскабель» востребована практически всеми отраслями: энергетикой, нефте- и газодобывающей отраслью, оборонным комплексом, транспортом, машиностроением, строительной",подтверждено (high)
Tesid Equipment,sales@unimach.ru,unimach.ru,MX ок,на сайте другая компания: Юнимаш (UniMach),Юнимаш (UniMach),Юнимаш (UniMach),"ПЕРЕПУТАНО НАЗВАНИЕ. И сайт, и почта = «Юнимаш» (unimach.ru, поставщик станков, РФ). Компании «Tesid Equipment» в строке нет. Переименовать в Юнимаш; строка после этого пригодна и в ЦА.","Заметил, что с 2007 года вы поставили более 1700 станков на российские предприятия. За такой период и объём поставок у вас должен быть хорошо налажен процесс привлечения корпоративных клиентов.",https://unimach.ru/,С 2007 года компания поставила более 1700 станков на различные российские предприятия,подтверждено (high)
ТД Ункомтех,sales@thebestcnc.com,saintymachine.com,"MX ок, но домен письма ≠ домену сайта — проверить",такой же сайт у другой строки; домен e-mail (thebestcnc.com) не совпадает с сайтом (saintymachine.com); на сайте другая компания: Sainty Machinery; компания не из России (China),Sainty Machinery,Ouka CNC (Huafei CNC),"ПЕРЕПУТАНО ДВАЖДЫ. Название российского ТД «Ункомтех» стоит у строки с сайтом Sainty Machinery (Китай) и почтой Ouka CNC (thebestcnc.com, Китай). Сайт дублирует строку Shixinghong. Ункомтех вернуть на uncomtech.ru (см. строку 3); эту строку удалить или разложить.","Заметил на вашем сайте новость про 136 Canton Fair в октябре, где встречались со старыми и новыми партнёрами. Линейку расширяете — добавили popcorn vending machines для развлекательных центров и транспортных хабов.",https://www.saintymachine.com/,Our company participated in the 136th Canton Fair from October 15th to 19th. Many new and old friends experienced our vending machines and kitchen equipments.,подтверждено (high)
JAT Cemented Carbide,sales@jillionsupply.com,jillionsupply.com,MX ок,на сайте другая компания: Поставщик промышленного оборудования и компонентов; компания не из России (China),Поставщик промышленного оборудования и компонентов,неизвестно,"ПЕРЕПУТАНО НАЗВАНИЕ. Сайт и почта = Jillion Supply (поставщик пром. компонентов, Китай). Название JAT относится к следующей строке (jat-carbide.com). Переименовать в Jillion Supply; вне ЦА.","Заметил на сайте, что предоставляете сертифицированные услуги ремонта промышленного оборудования (CNC, роботы, лазеры).",https://www.jillionsupply.com/repair-services.html,"Jillion Supply provides certified repair services for all major industrial automation systems sold through our platform, extending equipment lifespan with OEM-level technical expertise.",подтверждено (high)
Rogen Technologies,sales@jatcarbide.com,jat-carbide.com,"MX ок, но домен письма ≠ домену сайта — проверить",домен e-mail (jatcarbide.com) не совпадает с сайтом (jat-carbide.com); на сайте другая компания: Jat Carbide; компания не из России (China),Jat Carbide,JAT Carbide,"ПЕРЕПУТАНО НАЗВАНИЕ. Сайт jat-carbide.com и почта @jatcarbide.com = JAT Carbide (твердосплавный инструмент, Китай). Домены различаются дефисом, это одна компания. «Rogen Technologies» здесь лишнее. Вне ЦА.","Заметил у вас на сайте 400+ моделей milling inserts как замену популярным японским и корейским брендам. Таких клиентов нужно искать активно — они не найдут вас сами, если раньше работали с японскими и корейскими брендами.",https://www.jat-carbide.com/,"JAT CNC carbide milling inserts are a perfect substitute for popular Japanese and Korean brands like Z**T, Kor**, Dur**, Hita**, and Tae**.",подтверждено (high)
Искролайн,sales@iskroline.ru,iskroline.ru,MX ок,ок,Искролайн — российский производитель атомно-эмиссионных спектрометров,неизвестно (домен не открывается),"Чисто: российский производитель спектрометров, почта на своём домене, MX живой. В ЦА Polza (производство, B2B, есть отдел продаж). Брать.","Заметил, что в июле вы добавили дополнительное оборудование: станок Торнадо-1 и держатель ДФС Трио для подготовки образцов к спектральному анализу. Это расширяет возможности ваших клиентов улучшить подготовку проб без замены основного парка.",https://www.iskroline.ru/news/,Эти решения расширяют спектрометрические возможности лабораторий без замены основного парка оборудования и упрощают работу лаборантов.,подтверждено (high)
Jimmy CNC Tool,sales@jimmytool.com,jimmytool.com,MX ок,компания не из России (China),JIMMY (Carbide End Mills Manufacturer),,"Строка согласована, компания китайская (фрезы). Вне ЦА.","Обратили внимание, что вы фокусируетесь на четырех секторах: aerospace, automotive, medical и mold manufacturing. Каждый требует разных типов инструментов и разной работы с дилерами.",https://jimmytool.com/about-us/,"The company's precision cutting tools are primarily used in cutting-edge fields such as aerospace, automotive, machinery, medical equipment, plastic mold manufacturing, and metal mold manufacturing.",подтверждено (high)
Ezhong Heavy Machinery,sales@ezhonggroup.com,ezhonggroup.com,MX ок,на сайте другая компания: EZHONG (производитель гидравлических прессов и машин прокатки); компания не из России (предположительно Китай),EZHONG (производитель гидравлических прессов и машин прокатки),неизвестно,"Строка согласована, компания китайская (прессы). Вне ЦА.","Заметил, что вы поставляете оборудование для атомной энергетики, ветроэнергетики и судостроения — отрасли, где постоянно растут объёмы и нужны надёжные решения для гибки пластин. Эти секторы активно расширяют производство и ищут поставщиков, которые могут обеспечить масштабирование.",https://www.ezhonggroup.com/products/,"covering shipbuilding, locomotives, nuclear power, wind power, hydropower, boilers, military industry, metallurgy, chemical industry, bridges, aviation, power transmission and transformation and other",подтверждено (high)
Shixinghong Precision,swyct@126.com,saintymachine.com,"MX ок, но домен письма ≠ домену сайта — проверить",такой же сайт у другой строки; домен e-mail (126.com) не совпадает с сайтом (saintymachine.com); e-mail на публичной почте; на сайте другая компания: Sainty Machinery; компания не из России (Китай),Sainty Machinery,NetEase 126 (почтовый сервис),"ТРИ ПРОБЛЕМЫ: почта на публичном 126.com (в холодную рассылку такие адреса не берут, домен не подтверждает компанию), сайт saintymachine.com дублирует строку «ТД Ункомтех», на сайте Sainty Machinery, а не Shixinghong. Удалить или найти собственный домен.","Заметил, что вы участвовали в 136-й Кантонской выставке в октябре. Экспортируете уже в Северную Америку, Европу и Азию — в каждом из этих регионов есть потенциал для расширения клиентской базы.",https://www.saintymachine.com/,Our company participated in the 136th Canton Fair from October 15th to 19th. Many new and old friends experienced our vending machines and kitchen equipments.,подтверждено (high)
Internor Machinery,sales@internor.com.cn,internor-mach.com,"MX ок, но домен письма ≠ домену сайта — проверить",домен e-mail (internor.com.cn) не совпадает с сайтом (internor-mach.com); на сайте другая компания: 英德诺机械 (Yingdenuo Machinery); компания не из России (China),英德诺机械 (Yingdenuo Machinery),"unknown (title empty, content not provided)","Почта на internor.com.cn, сайт internor-mach.com: домены разные, но компания одна (英德诺 = Internor). Допустимо, но адрес стоит перепроверить на актуальном домене. Китай, вне ЦА.","Заметил на сайте, что вы обслуживаете более 500 промышленных клиентов по всему миру, причём оборудование применяется от авиакосмоса до медицины. Похоже, в этих растущих сегментах ещё много потенциальных заказчиков, которые ищут проверенного поставщика технологий поверхностной обработки.",http://internor-mach.com/,截至目前，我们已服务全球500余家工业客户，超2000台设备广泛应用于切削工具、汽车制造、3D 打印（增材制造）、印刷电路与半导体、工程与农业机械、轨道交通、航空航天、电力与能源、船舶与海洋工程、医疗器械等众多领域,"НЕ ПОДТВЕРЖДЕНО цитатой, проверить вручную"
РИЦ Техносфера,sales@technosphera.ru,technosphera.ru,MX ок,ок,РИЦ Техносфера (Research and Information Center Technosphere),РИЦ Техносфера (same domain as website),"Чисто: российский издательский и рекламный центр (журналы по электронике), почта на своём домене. В ЦА условно: B2B-услуги для технологических компаний. Брать.","Заметил, что у вас есть рекламное агентство, специализирующееся на высокотехнологичных отраслях. Вам и вашим клиентам нужны постоянные новые контакты в этом сегменте.",https://www.technosphera.ru/page/tsphera_about,"Рекламное агентство полного цикла, специализирующееся на рекламных услугах для предприятий высокотехнологичных отраслей.",подтверждено (medium)
Howfit Science,sales@howfit-press.com,howfit-press.com,MX ок,"на сайте другая компания: Howfit — производство высокоскоростных пресс-штампов и оборудования для металлообработки; компания не из России (вероятно Китай (структура сайта, языки включают китайский))",Howfit — производство высокоскоростных пресс-штампов и оборудования для металлообработки,не определить (домен не открывается),"Строка согласована, компания китайская (штамповочные прессы). Вне ЦА.","Заметил, что вы запустили отдельное направление для моторных ядер нового поколения с моделью DDH550ZW. Рост в этом сегменте обычно требует новых B2B-каналов для привлечения клиентов.",https://www.howfit-press.com/,High speed precision press for New energy motor core application,подтверждено (high)
Fengyi Yinhu,sales@fengyitool.com,fengyitool.com,MX ок,компания не из России (China (Chengdu)),"成都锋宜银虎数控刀具有限公司 (Chengdu Fengyi Yinhu CNC Tool Co., Ltd.)","Likely same - fengyitool.com is mail domain, not web","Строка согласована, компания китайская (Чэнду, инструмент). Вне ЦА.","Заметил, что вы участвовали в CIMES 2024 в июне этого года. У компаний в машиностроении холодные B2B-письма обычно дополняют выставочный маркетинг.",http://www.fengyitool.com/,时间：2024年6月17日- 21日地点：中国国际展览中心（北京 · 顺义馆）锋宜刀具展位号：E3-B110,подтверждено (high)
